name,address,rooms,price,total_price,phone
绿城华发金陵月华,建邺兴隆街道兴隆大街以北、螺丝桥大街以西,['四居(6)'],76205元/m^2,1562-2439万元,400-176-0760 转 649510
华润置地中心,雨花陇淮路与华新路交汇处,"['一居(3)', '三居(2)', '四居(1)']",200-374元/m^2,700000-1850000万元,400-176-0760 转 628833
联发华发嘉和华府,江宁东山竹山路与潭园西路交汇处北侧约110米,[],42800元/m^2,382-823万元,400-176-0760 转 648631
金陵中心,秦淮东至冶修二路，南至机场河,[],47161元/m^2,412-1073万元,400-176-0760 转 617523
润珹中心|润玺,鼓楼南京市鼓楼区虎踞北路与模范中路交叉口7号线古平岗地铁站在建中,[],28000元/m^2,,暂无售楼处电话
滨江雅园（北外滩水城）,浦口江北新区柳州东路198号,"['二居(1)', '三居(3)']",22142元/m^2,190-288万元,400-176-0760 转 613595
华侨城翡翠天域,栖霞公办南外旁 疏港大道与欢乐大道交汇处,"['三居(3)', '四居(4)']",24300元/m^2,232-522万元,400-176-0760 转 846415
中冶盛世滨江—锦绣天玺,鼓楼鼓楼区宝塔桥西街155号,['五居以上(1)'],48000元/m^2,1500万元,400-176-0760 转 631479
碧桂园凤凰城,其他南京东·汤山旁·S6轻轨黄梅站,"['三居(3)', '四居(3)']",6500元/m^2,35-336万元,400-176-0760 转 662475
世茂璀璨滨江,鼓楼南通路118号,"['二居(1)', '三居(3)', '四居(2)']",311-635元/m^2,,400-176-0760 转 893190
保利荣盛合悦,六合江北大道快速路与龙华东路的交汇处,"['三居(5)', '四居(1)', '五居(1)']",待定元/m^2,,400-176-0760 转 609017
星河国际,玄武恒嘉路和华跃路交汇处,"['三居(1)', '四居(3)']",待定元/m^2,,400-176-0760 转 653546
金隅紫京叠院,浦口江浦街道黄山岭路21号,['四居(6)'],30000元/m^2,300-768万元,400-176-0760 转 863205
佳源国际天域,浦口浦滨路与卓越路交汇处,"['三居(5)', '四居(1)']",30300元/m^2,270-400万元,400-176-0760 转 818392
升龙桃花园著,建邺江心洲夹江大桥与葡园路交汇处,"['二居(3)', '三居(4)', '四居(2)']",36624元/m^2,,400-176-0760 转 653233
荣盛鹭岛荣府,六合马鞍街道鹭岛南路3号,"['二居(5)', '三居(20)', '四居(9)']",12069元/m^2,89-297万元,400-176-0760 转 653590
建发央誉,溧水石燕路与幸庄路交汇处,"['三居(2)', '四居(4)']",15781元/m^2,142-253万元,400-176-0760 转 653380
GARDEN 19丨贤坤花园,建邺贤坤路,"['三居(1)', '四居(1)']",58400元/m^2,1156-1472万元,400-176-0760 转 649925
中建·合玺东方,建邺建邺区南苑街道怡康街以南、黄山路以东地块,['四居(6)'],73000元/m^2,1221-1971万元,400-176-0760 转 653458
龙湖天曜城,浦口江苏省南京市浦口区光明路与台北路交叉口,"['三居(1)', '四居(2)']",200-423元/m^2,,400-176-0760 转 636093
招商·金陵序,建邺建邺区南苑街道江东中路以东、福园街以南地块,[],991-1887元/m^2,,400-176-0760 转 652449
南京信泰中心,鼓楼南京市鼓楼区江东街道江东北路与清凉门大街交界处西北侧 ,"['一居(1)', '二居(1)', '三居(1)']",32000元/m^2,,400-176-0760 转 645624
中信泰富·九庐,秦淮秦淮区佳营路与神机营路交汇处,"['三居(1)', '四居(6)']",60077元/m^2,751-1382万元,400-176-0760 转 652004
 中海·江南玖序,建邺建邺邺城路与平良大街交汇处,['四居(6)'],81446元/m^2,2715万元,400-176-0760 转 651849
金宸熙苑,秦淮南京市秦淮区中山东路518号,"['三居(2)', '四居(3)']",52500元/m^2,551-977万元,400-176-0760 转 651751
秦淮金茂府,秦淮校场大道以北，神机营路以西,"['三居(2)', '四居(2)']",57036元/m^2,816-1369万元,400-176-0760 转 641333
招商局中心·臻境,玄武北苑东路与大壮观路交汇处,"['三居(2)', '四居(2)']",51000元/m^2,600-920万元,400-176-0760 转 632264
龙湖丨兴邦·揽境,六合北外街与园林西路交汇处,['三居(3)'],12800元/m^2,114-148万元,400-176-0760 转 619880
高科江悦堂,栖霞燕津大道与新燕路交汇处,"['四居(3)', '五居(1)']",52000元/m^2,1118-1664万元,400-176-0760 转 650087
奥体建设瑞香园,浦口七里河大街,[],39593元/m^2,386-1944万元,400-176-0760 转 647602
牡丹大观天下,江宁麒麟片区纬七路以北、经二路以西地块（汇2地块），东至经二路，南至纬七路，西至现状，北至纬五路。,"['三居(1)', '四居(2)']",29989元/m^2,309-429万元,400-176-0760 转 634154
仁恒城市星瀚,浦口团结路,[],30500元/m^2,252-427万元,400-176-0760 转 649476
颐和·缦山,栖霞S6号线百水桥地铁站南300米,['三居(2)'],34375元/m^2,284-399万元,400-176-0760 转 642437
中海江湾境,"建邺建邺区江心洲中新大道以东、文泰街以北（22-007、22-013）地块,东至熙怡路；南至文泰街；西至规划中新大道；北至规划文治街。",['四居(2)'],54968元/m^2,784-1007万元,400-176-0760 转 644780
万科·都荟沐语,溧水南京市溧水区体育公园路与薛李东路交汇处,"['三居(1)', '四居(4)']",17908元/m^2,194-270万元,400-176-0760 转 627330
五矿澜悦溪山,江宁高新园正方大道与诗梦路交汇处,"['三居(2)', '四居(1)']",30645元/m^2,287-380万元,400-176-0760 转 737193
江山大境,浦口浦云路与棠云路交汇处,"['三居(3)', '四居(3)']",32000元/m^2,230-507万元,400-176-0760 转 856805
星河·钟山盛世,"江宁麒麟科创园丹青路以南、泰盈路以西地块,东至泰盈路，南至丹霞路，西至三号路，北至丹青路",['三居(2)'],29671元/m^2,283-329万元,400-176-0760 转 634165
璀璨云著,栖霞兴智科创新城兴智路与恒久路交汇处,"['二居(1)', '三居(3)', '四居(1)']",29748元/m^2,222-389万元,400-176-0760 转 613981
荣锦瑞府,浦口沿江街道宁六路东侧泰冯路西侧,"['三居(3)', '四居(1)']",26300元/m^2,234-355万元,400-176-0760 转 631595
华润置地·观云润府,雨花七贤街与龙西路交汇处南行约200米,"['三居(2)', '四居(1)']",40000元/m^2,414-600万元,400-176-0760 转 648262
金基瞻月府,秦淮过兵桥路,[],69800元/m^2,,400-176-0760 转 643143
璀璨璟园,江宁兴民南路与科宁路交汇处,"['三居(1)', '四居(1)']",35116元/m^2,350-473万元,400-176-0760 转 642268
玖宸府,溧水永阳街道石燕路以东、崇文路以北地块，东至薛李东路，南至崇文路，西至石燕路，北至体育公园路。,['四居(3)'],17988元/m^2,215-316万元,400-176-0760 转 628132
中国铁建花语湖畔,溧水永阳街道秦淮大道以东、秀园路以北地块，东至河道，南至秀园路，西至秦淮大道，北至河道。,"['四居(3)', '五居(1)']",17854元/m^2,215-414万元,400-176-0760 转 636486
华发·四季雅筑,栖霞栖霞区燕子矶街道壮举路与吉祥街交汇处,"['三居(3)', '四居(1)']",34224元/m^2,339-479万元,400-176-0760 转 632051
凤凰紫金和旭府,玄武孝陵卫街道双拜巷65号,"['三居(1)', '四居(3)']",55749元/m^2,721-1381万元,400-176-0760 转 648778
象屿华发·铂萃云湾,江宁南京百家湖明城大道与秦淮路交汇处,[],42909元/m^2,345万元,400-176-0760 转 644208
金地都会峯范,栖霞经济技术开发区兴智片区，东至兴学路，南至纬六路，西至规划经十二路，北至恒广路,['三居(3)'],30097元/m^2,268-331万元,400-176-0760 转 644582
云萃府,秦淮东临承天大道，南临规划支路，西临冶东一路，北临嘉园路,['四居(2)'],46872元/m^2,662万元,400-176-0760 转 626706
钟山峰景,秦淮光华路与友谊河路交汇处,"['三居(1)', '四居(4)', '五居(5)']",47000元/m^2,555-799万元,400-176-0760 转 615410
亚东金基·暄玥府,六合毕洼路与山潘二路交汇处（新华路交通银行往北约300米）,"['三居(2)', '四居(1)']",21435元/m^2,223-304万元,400-176-0760 转 632604
中北金基璞悦隽园,秦淮南京市秦淮区南部新城红花路,['三居(1)'],46822元/m^2,545万元,400-176-0760 转 644458
金基·璟樾府,秦淮东至现状，南至石杨路，西至现状，北至规划宁芜路。,"['三居(1)', '四居(1)']",47000元/m^2,680-920万元,400-176-0760 转 634868
新睿樾府,秦淮南部新城国际路与夹门岗路交汇处,['四居(1)'],54527元/m^2,541-906万元,400-176-0760 转 644982
万科未来城,溧水团山路和星河路交汇处,"['二居(1)', '三居(4)', '四居(1)']",13220元/m^2,101-169万元,400-176-0760 转 714611
保利·国贸璟上,栖霞南京市栖霞区和燕路与宜春街交汇处,['三居(5)'],36543元/m^2,265-515万元,400-176-0760 转 644504
保利·燕璟和颂,栖霞栖霞区燕子矶街道燕园路以东、寅春西路以北地块，东至现状，南至寅春西路，西至燕园路,['三居(2)'],35175元/m^2,275-450万元,400-176-0760 转 645555
保利扬子萃云台,浦口江北新区广西埂大街以北、九袱洲路以东（NJJBd010-14-20、14-22）地块,[],36800元/m^2,386-550万元,400-176-0760 转 645368
金基山川江樾,浦口兴隆路与望江路交汇处,[],38500元/m^2,532-1867万元,400-176-0760 转 648146
源尚丹若府,建邺双闸街道秦新路以北、横坝街以西,['四居(1)'],54616元/m^2,831-1134万元,400-176-0760 转 648867
保利博雅和著,秦淮南京市秦淮区红花街道汇秀路与祥天路交汇处（南外本部旁）,[],56084元/m^2,482-854万元,400-176-0760 转 647559
蓝联盟共享梦工厂,溧水南京市溧水区柘塘镇福田路8号,[],8000元/m^2,,暂无售楼处电话
颐和天晟府,建邺云龙山路与牡丹江街交汇处,['四居(3)'],73992元/m^2,1990-2863万元,400-176-0760 转 648400
华侨城欢乐时光,溧水溧水区宝塔路宝塔桥北,['三居(3)'],15296元/m^2,136-214万元,400-176-0760 转 626868
仁恒城市星皓,浦口华创路,[],31999元/m^2,348-469万元,400-176-0760 转 648972
华宇·林湖雅舍,江宁龙济路2号,"['三居(2)', '四居(1)']",26870元/m^2,220-314万元,400-176-0760 转 628105
滨江龙湖翡翠上城,栖霞恒竞路与尧新大道交叉口向南200米,"['三居(2)', '四居(1)']",28000元/m^2,240-360万元,400-176-0760 转 630652
高科紫星堂,栖霞阳春路,[],52620元/m^2,1111-2249万元,400-176-0760 转 648402
紫玥,溧水石燕路与崇文路交叉路口（邻近实验小学崇文路校区）,"['四居(3)', '五居(1)']",16850元/m^2,221-262万元,400-176-0760 转 627803
博园,浦口南京市浦口区东大路与泰学路交界处,"['二居(2)', '三居(4)']",28651元/m^2,255-381万元,400-176-0760 转 632784
绿城·合锦观澜,六合雄州街道绿城合锦观澜,[],18897元/m^2,204-336万元,暂无售楼处电话
建发缦云,建邺南京·河西南·螺塘路与新亭街交汇处,"['三居(1)', '四居(2)']",55000元/m^2,610-1000万元,400-176-0760 转 640320
大华南门望,六合雄州西路与龙池路的交汇处,"['三居(3)', '四居(1)']",19628元/m^2,175-251万元,400-176-0760 转 622744
仁恒星寓,江宁南京麟科创CBD·中央公园旁(沧波门南街与星辉路交汇处）,"['一居(4)', '二居(2)']",18536元/m^2,83-182万元,400-176-0760 转 648121
悦著九章,江宁江宁区东山街道宏运大道(东至中驰路； 南至规划道路； 西至明城大道； 北至宏运大道。),['三居(2)'],49159元/m^2,437-532万元,400-176-0760 转 647638
紫京四季,江宁秣陵街道汉侯路以北、玉麟路以西地块，东至玉麟路，南至汉侯路，西至规划道路，北至秦县路。,"['三居(2)', '四居(1)']",33970元/m^2,340-474万元,400-176-0760 转 632591
宋都柏悦府,雨花板桥新城新湖大道与华兴大街交汇处,"['三居(3)', '四居(3)']",28555元/m^2,256-362万元,400-176-0760 转 724028
长江悦府,"鼓楼幕府山街道五佰村路东西两侧地块,东至幕府花园小区，南至格林东苑等小区。","['三居(2)', '四居(3)']",43600元/m^2,495-756万元,400-176-0760 转 632215
中南梧桐公馆,高淳淳溪街道南漪路与淳兴路交汇处,[],14174元/m^2,170-248万元,400-176-0760 转 645386
伟星长江之歌,建邺邺城路与平良大街交汇处,['四居(2)'],75557元/m^2,1874-2380万元,400-176-0760 转 645244
仁恒云谷世纪,江宁东至文瑞路；南至智汇路；西至沧波门北街；北至运粮河东路,"['三居(1)', '四居(3)']",34640元/m^2,337-571万元,400-176-0760 转 646958
云树公馆,雨花丁墙路9号,['三居(1)'],33000元/m^2,,400-176-0760 转 815721
建发璞云,雨花数字大道与守正路交汇处,"['三居(5)', '四居(1)']",45480元/m^2,416-600万元,400-176-0760 转 644695
万科·溪望城,高淳南京市高淳区北漪路与汶溪路交汇处向东200米,"['三居(2)', '四居(1)']",14433元/m^2,134-200万元,400-176-0760 转 640505
美都·星屿熹,江宁南京市 仙林中 东至经三路，南至纬八路，西至经二路，北至纬七路,"['二居(2)', '三居(2)']",30824元/m^2,231-274万元,400-176-0760 转 640204
星叶半山玥府,栖霞栖霞区仙林街道毕生路以南，经天路以西,['四居(4)'],39800元/m^2,388-842万元,400-176-0760 转 644933
中冶锦绣公馆,鼓楼鼓楼区复兴南路以东，东至滨江路、西至复兴南路、北邻江边路,"['二居(1)', '三居(2)', '四居(1)']",52000元/m^2,260-660万元,400-176-0760 转 649064
睦水香邻,高淳淳溪街道丹阳湖北路28号,[],10444元/m^2,104-249万元,400-176-0760 转 632550
星河中心,玄武南京市玄武区望山路18号,['一居(1)'],17696元/m^2,,400-176-0760 转 647833
江尚紫薇,建邺江心洲梅子洲路与文萃街交汇处,"['三居(1)', '四居(3)']",638元/m^2,,400-176-0760 转 639363
兰溪樾府,浦口五华路兰溪樾府,[],25350元/m^2,209-348万元,400-176-0760 转 645150
深业南湾上府,建邺建邺区双闸街道螺塘路以南，建元南街以西地块，东至建元南街，南至秦新路，西至规划支路，北至螺塘路。,"['三居(1)', '四居(3)']",51000元/m^2,730-960万元,400-176-0760 转 645600
禧樾府,"江宁东至绿都大道,’南至站前二路,西至农花路,北至站前一路",[],45397元/m^2,456-620万元,400-176-0760 转 647010
颐和铂樾府,建邺秦新路,[],54000元/m^2,620-710万元,400-176-0760 转 647701
天琴华樟,建邺南至规划支路文泰路，东隔绿地至红 菱街，北隔绿地至扬子江大道，西至,['四居(3)'],75239元/m^2,2257-4725万元,400-176-0760 转 647646
龙湖山与城,浦口江苏省南京市浦口区银泉西路,"['三居(1)', '四居(4)']",21363元/m^2,355-599万元,400-176-0760 转 628170
金地·大成汇文府,"秦淮南部新城国际路以东、机场四路以南地块,东至规划冶西二路，南至规划机场六路","['三居(2)', '四居(2)']",46858元/m^2,647-1171万元,400-176-0760 转 633055
星叶枫情玥府,"栖霞湛墅路以西、水泥厂路以北地块,东至湛墅路，南至水泥厂路，西至邮轮大道，北至江南路。",[],27606元/m^2,220-332万元,400-176-0760 转 647850
中宁府,建邺东至红菱街，南至邺城路，西至平良大街，北至双闸路。,[],80000元/m^2,1400-2000万元,暂无售楼处电话
中冶锦绣和鸣,雨花凤集大道以南、新湖大道以西地块，东至新湖大道，南至现状，西至规划道路，北至现状。,"['三居(2)', '四居(1)']",25405元/m^2,218-338万元,400-176-0760 转 632265
玖华府,江宁正方大道以北、新前路以西地块，东至新前路，南至正方大道，西至规划道路，北至新丰南路。,"['三居(2)', '四居(1)']",26304元/m^2,224-355万元,400-176-0760 转 632323
星叶燕尚玥府,栖霞栖霞区燕子矶新城怡园东路以东、燕恒路以北地块，东至现状，南至燕恒路，西至怡园东路，北至现状。,"['三居(1)', '四居(1)']",28000元/m^2,225-676万元,400-176-0760 转 642983
星叶·云墅,建邺建邺区双闸街道太清路以南，隆和街以西地块，东至天保东河，南至高庙路，西至青莲街，北至太清路。,[],48221元/m^2,999-1700万元,400-176-0760 转 645206
龙湖·天玺,浦口浦口区桥林新城双峰路与东垅路交叉口，地铁s3号线兰花塘站向南300米处,['三居(2)'],27452元/m^2,213-263万元,400-176-0760 转 630542
创维·文悦府,溧水永阳街道青年路以北、钟灵北路以西，东至空地，南至青年路，西至仪凤路，北至青年北路。,"['三居(1)', '四居(1)']",16600元/m^2,196-237万元,400-176-0760 转 645375
德信·星宸,江宁吉印大道和秣周中路交汇处,"['三居(2)', '四居(1)']",23109元/m^2,204-291万元,400-176-0760 转 621889
天安云境,溧水南京市溧水区秦淮大道288号E4栋,[],16250元/m^2,133-293万元,400-176-0760 转 629078
龙湖滨江上城,江宁锦文大道和弘利路交汇处,['一居(2)'],17000元/m^2,165-170万元,400-176-0760 转 626845
玄武宝龙城,玄武红山新城寒光亭路与北苑东路交汇处,['三居(2)'],450-509元/m^2,,400-176-0760 转 613500
弘阳云玥美著苑,六合新华路与园东路交界处,['三居(3)'],21853元/m^2,208-250万元,400-176-0760 转 626879
越江时代,浦口南京市浦口区城南河路和横江大道交汇处（青奥公园旁）,"['三居(2)', '四居(2)']",35093元/m^2,367-471万元,400-176-0760 转 627882
武夷·七里湖山,江宁东至湖山路；南至励勤路；西至湖西路；北至文靖路。,[],35000元/m^2,337-486万元,400-176-0760 转 645373
金基雅玥,雨花东至喻村路，南至圣玻路，西临美璟路，北至天保桥路,"['三居(2)', '四居(1)']",33000元/m^2,330-420万元,400-176-0760 转 628172
紫麟景院,江宁江宁东至沧波门南街，男至东麒路，西至光华路，北至智汇路,[],30555元/m^2,255-531万元,400-176-0760 转 644713
金陵中環,秦淮中山南路,"['一居(1)', '二居(3)', '三居(4)']",53000元/m^2,,400-176-0760 转 621824
中冶锦绣和轩,鼓楼南京鼓楼区江边路33号,['一居(1)'],40048元/m^2,184万元,暂无售楼处电话
星叶翰锦院,秦淮地铁5号线朝天宫站上盖物业地块,[],74100元/m^2,1142-2071万元,暂无售楼处电话
国贸璟原,浦口兰花塘地铁站沿双峰路向南300米,"['三居(1)', '四居(1)']",26494元/m^2,236-302万元,400-176-0760 转 633755
三金·睿境,秦淮校场大道与柴园北路交汇处（南京市不动产档案馆旁）,"['三居(1)', '四居(1)']",51000元/m^2,599-710万元,400-176-0760 转 637768
星叶欢乐城,雨花三山矶路和振兴西路交汇处,"['二居(3)', '四居(1)']",25000元/m^2,200-288万元,400-176-0760 转 703324
云辰原麓,江宁紫东新区泉都大街与若水路交叉处,['三居(2)'],20569元/m^2,169-199万元,400-176-0760 转 627990
观岚久筑,溧水机场路55号,"['三居(2)', '四居(1)']",14320元/m^2,140-189万元,400-176-0760 转 633935
绿城凤栖潮鸣,秦淮秦淮区国东路以东、嘉园路以北地块，东至中和桥路小区，南至嘉园路，西至国东路，北至秦淮南路。,[],51398元/m^2,708-1909万元,400-176-0760 转 645446
天萃,雨花北至西寇北路，东至龙舌路，南至吉祥路,"['三居(3)', '四居(2)']",36199元/m^2,328-578万元,400-176-0760 转 633725
锦绣云麓,雨花宁芜公路和乐欣路交汇处锦绣云麓营销中心,"['二居(1)', '三居(2)']",26376元/m^2,190-275万元,400-176-0760 转 620879
熹樾,溧水状元坊公园对面熹樾营销中心,"['三居(3)', '四居(2)']",17535元/m^2,184-289万元,400-176-0760 转 622775
都会诚品,浦口江北国家级新区直管区-S8号线高新开发区站口,['三居(2)'],27963元/m^2,249-294万元,400-176-0760 转 616752
金沙一品,浦口珍珠街与浦乌路交叉口,"['二居(1)', '三居(2)']",24000元/m^2,221-436万元,400-176-0760 转 644655
联发云启,江宁科技大道与银杏湖大道交汇处,['三居(3)'],22350元/m^2,219-279万元,400-176-0760 转 610123
云湖悦府,江宁空港新城義和路以东、义庆路以北地块东至朝霞路，南至义庆路，西至義和路，北至崇德路。,[],19654元/m^2,150-210万元,400-176-0760 转 645225
伟星时代悦峰,雨花软件谷正核 数字大道与花神大道交界处,['三居(2)'],426-463元/m^2,,400-176-0760 转 641083
绿城云栖玫瑰园,雨花雨花台区岱山东路与岱山南路交汇处,"['二居(6)', '三居(2)', '四居(4)']",35000元/m^2,400-880万元,400-176-0760 转 869367
嘉福金粼,江宁泉都大街与经十路交汇处东南侧,"['三居(4)', '四居(1)']",18500元/m^2,165-287万元,400-176-0760 转 641697
富园·栖望府,栖霞迈皋桥街道迈尧西路以北、北苑东路以西地块，东至北苑东路，南至迈尧西路。,[],38057元/m^2,368-510万元,400-176-0760 转 645481
兰亭和颂,栖霞仙林大道以北、天佑路以西（EAc030-12-48）地块，东至现状，南至现状，西至白象路，北至现状。,[],36221元/m^2,223-540万元,400-176-0760 转 645333
中海和山,江宁江宁区方山新城吉印大道与丽泽路交汇处（开市客东侧),"['三居(1)', '四居(2)']",30285元/m^2,308-441万元,400-176-0760 转 645178
首开·南岸潮鸣,雨花岱山南路与横村街交汇处,['三居(2)'],33451元/m^2,289-367万元,400-176-0760 转 632836
碧桂园·云顶,其他句容市S122省道与宁杭北路交汇处,"['三居(2)', '四居(3)']",6700元/m^2,64-98万元,400-176-0760 转 847851
晴翠府,浦口南至浦滨路，北至悦辰府，西至定山大街，东至广西梗大街,"['三居(1)', '四居(5)']",38513元/m^2,431-635万元,400-176-0760 转 628730
石林云城,雨花凤集大道2号,"['二居(1)', '三居(6)', '四居(7)']",20031元/m^2,172-395万元,400-176-0760 转 810097
佳兆业弘阳云溪璟园,江宁永欣大道和湖秦路交界处,"['三居(3)', '四居(1)']",20512元/m^2,174-250万元,400-176-0760 转 713459
星叶栖悦湾,建邺文泰街以北、汇德路以东地块，东至现状，南至文泰街西至汇德路，北至文艺街。,"['三居(2)', '四居(1)']",41000元/m^2,536-711万元,400-176-0760 转 639126
奥体建设·云尚紫薇,秦淮南京·南部新城·国际路,"['三居(1)', '四居(2)', '五居(1)']",46000元/m^2,658-1026万元,400-176-0760 转 635850
上铁淮风晓月,雨花南京市雨花台区虹悦城旁、S2号线凤台南路站,"['三居(1)', '四居(1)']",45500元/m^2,501-623万元,400-176-0760 转 631962
山和九著府,栖霞栖霞区欢乐大道与规划江南路交汇处,['三居(3)'],26600元/m^2,217-296万元,400-176-0760 转 624012
江山汇·璟寓,鼓楼江山汇璟寓营销中心,"['一居(6)', '三居(1)']",25800元/m^2,,400-176-0760 转 627180
江悦兰园,浦口桥林街道杜英路以南、白檀路以西地块，东至白檀路，南至青柳路，西至东陇路，北至杜英路。,"['三居(2)', '四居(2)']",25424元/m^2,200-380万元,400-176-0760 转 633260
中粮·悦见里,江宁鹏山路26号,['一居(4)'],23000元/m^2,80万元,400-176-0760 转 833234
世瑞大厦,鼓楼南京市鼓楼区南瑞路,[],35000元/m^2,160万元,400-176-0760 转 645591
颐居·朗诗紫熙府,溧水天生桥大道与琴音大道交汇处,"['二居(1)', '三居(2)', '四居(1)']",15200元/m^2,126-196万元,400-176-0760 转 889275
南京托尼洛·兰博基尼艺术公寓,鼓楼中央路339号,"['开间(1)', '一居(1)', '二居(1)']",50000元/m^2,230-615万元,400-176-0760 转 632815
凤溪苑,江宁格致路与凤溪西路交汇处,"['三居(1)', '四居(2)']",32080元/m^2,286-456万元,400-176-0760 转 629009
雅居乐汇港城,浦口滨江大道与虎桥路交汇处,"['三居(3)', '四居(1)']",27800元/m^2,294-500万元,400-176-0760 转 610032
玖樾印象,秦淮石杨路与友谊河路交汇处,"['三居(1)', '四居(1)']",41000元/m^2,520-620万元,400-176-0760 转 630146
汤山温泉康养小镇,江宁汤山街道美泉路9号,"['一居(1)', '二居(2)', '四居(5)']",24500元/m^2,186-649万元,400-176-0760 转 703503
中交保利·翠语江岚,栖霞栖霞-仙林-栖霞山 欢乐谷 公办南外旁,['三居(2)'],22000元/m^2,187-246万元,400-176-0760 转 622398
中宏万家广场,高淳淳溪镇北漪路129号（芜太路与北漪路交汇处）,"['二居(1)', '三居(1)']",48-125元/m^2,,400-176-0760 转 685343
诚通·龙蟠汇,秦淮龙蟠中路和扇骨营路交汇处,"['一居(3)', '二居(1)']",待定元/m^2,,400-176-0760 转 653428
金轮星立方,雨花南京高铁南站北广场东侧（高铁北售楼处旁）,[],待定元/m^2,,400-176-0760 转 817842
爱涛天禧明庭,溧水金蛙路88号（金龙南路与珍珠南路交汇处）,"['一居(1)', '二居(5)', '三居(2)']",13030元/m^2,70-321万元,400-176-0760 转 823055
名城大厦,雨花小行里53号,[],33300元/m^2,33300万元,400-176-0760 转 645104
文苑居,栖霞东至横三路，南至园西东路，西至团结大道，北至现状,[],待定元/m^2,,400-176-0760 转 645123
南宸紫阙,秦淮应天东街与承天大道交汇处,['四居(2)'],51200元/m^2,727-922万元,400-176-0760 转 629647
金陵星图,浦口浦滨路与城南河路交汇处,['三居(3)'],30351元/m^2,265-414万元,400-176-0760 转 628997
云锦四季,秦淮东至冶东一路，南至规划支路，西至冶修二路，北至嘉园路,[],46841元/m^2,670-913万元,400-176-0760 转 628347
雅居乐星汇天际,溧水S9石湫地铁站旁,['三居(3)'],12045元/m^2,100-125万元,400-176-0760 转 620241
冠城大通蓝湖庭,六合四柳路与茉湖中路交汇处,"['三居(2)', '四居(2)']",17850元/m^2,175-238万元,400-176-0760 转 613373
海玥华府,江宁东山万安西路73号,"['三居(3)', '四居(2)']",32780元/m^2,321-469万元,400-176-0760 转 611869
迈上品院,栖霞迈皋桥街道长营村145号，南至华电东路，东至北苑西路，北至方圆绿茵小区,"['三居(2)', '四居(2)', '五居以上(2)']",40000元/m^2,416万元,400-176-0760 转 632725
茉里,六合金牛湖街道长金路与茉莉花路交汇处向南200米,"['三居(5)', '四居(1)']",11013元/m^2,95-120万元,400-176-0760 转 896804
南京云上,秦淮月牙湖街道·地铁5号线小天堂站上盖,"['三居(4)', '四居(3)']",47000元/m^2,,400-176-0760 转 653610
保利观棠和府,六合潘杨路与虎跃东路交汇处,"['二居(1)', '三居(5)']",18600元/m^2,133-210万元,400-176-0760 转 720476
江北万象企业中心,浦口南京市江北新区定山大街169号,['一居(1)'],16000元/m^2,,400-176-0760 转 634470
大华锦绣江来,浦口临滁路与浦云路（迎江路）交汇处,"['三居(1)', '四居(2)']",35000元/m^2,357-473万元,400-176-0760 转 653471
通宇林语山墅,浦口江浦街道七里路与沿山大道交汇处,['五居以上(9)'],37000元/m^2,1528-1971万元,400-176-0760 转 841485
通宇林景蘭园,浦口顶山街道七里桥北路西侧3号,"['二居(1)', '三居(4)']",33000元/m^2,294-406万元,400-176-0760 转 839983
南京时代艺境,浦口江北新区双峰路与兰花路交界处,['三居(1)'],21800元/m^2,192万元,400-176-0760 转 621782
中国铁建·花语天境,"浦口横江大道以东、七里河大街以北地块,东至规划道路，南至胜利河，西至横江大道，北至规划道路。",[],39996元/m^2,516-713万元,400-176-0760 转 633733
丰大国际公寓,浦口东至规划商办地块，南至城南河路。,[],30000元/m^2,,400-176-0760 转 633558
都会风华苑（含商业：风华里）,六合雄州南路与雄州西路交汇处,"['三居(2)', '四居(2)']",21814元/m^2,194-305万元,400-176-0760 转 620740
东原印未来,雨花东至青年路、南至龙吟路、西至规划道路、北至七号路,"['二居(1)', '三居(2)']",26000元/m^2,209-253万元,400-176-0760 转 627118
山语春风,江宁科济东路与东吉大道交汇处,"['二居(1)', '三居(3)', '四居(1)']",16000元/m^2,130-230万元,400-176-0760 转 618382
金地峯范花园,溧水南京溧水城南体育公园路与石燕路交汇处,"['四居(3)', '五居(1)']",15817元/m^2,206-357万元,400-176-0760 转 632746
龙湖三千庭,浦口五桥南江北科学城桥刘路龙湖三千庭,['三居(4)'],167-364元/m^2,,400-176-0760 转 619228
远洋月鹭广场,溧水南京市溧水区溧水经济开发区创业路99号,[],13000元/m^2,,暂无售楼处电话
融汇时代中心,江宁秣陵街道双龙大道1706号,['一居(6)'],28900元/m^2,,400-176-0760 转 723585
金鼎湾状元府,秦淮鼎新路88号,[],待定元/m^2,,400-176-0760 转 645513
凤樾府,鼓楼新民路75-2号,"['三居(2)', '四居(4)']",665-1375元/m^2,,400-176-0760 转 632253
大成雅境,秦淮西至明贤路、东至东风河路、北至响水河路、南至机场大道,"['三居(5)', '四居(2)']",44200元/m^2,464-778万元,400-176-0760 转 621540
海伦堡璟文府,高淳东至学山路， 南至栗园路， 西至现状小区， 北至镇兴路,[],11100元/m^2,122-139万元,400-176-0760 转 645528
越城天地中心,秦淮应天大街与凤台路交汇处,[],3673元/m^2,,400-176-0760 转 704019
海伦堡云麓小院,其他江苏省镇江市句容市宝华镇宝志路,['三居(2)'],11000元/m^2,105-127万元,400-176-0760 转 613405
江悦润府,栖霞栖霞大道与仙新路交汇处,"['二居(1)', '三居(3)']",29000元/m^2,220-305万元,400-176-0760 转 609413
大华锦绣和樾府,浦口吉庆路与明辉路交叉路口,['四居(1)'],31946元/m^2,284-409万元,400-176-0760 转 613216
汤山玉兰公馆,江宁汤山街道上善路8号,['三居(4)'],21350元/m^2,192-275万元,400-176-0760 转 608113
中驰置业·AND,江宁东山街道富塘街2号,[],待定元/m^2,,400-176-0760 转 625207
润栖府,栖霞南京市栖霞区宁芝路与美芝嘉路交汇处,"['三居(3)', '四居(1)']",36000元/m^2,300-450万元,400-176-0760 转 625913
珠江·四季悦城,江宁信诚大道与飞天大道交汇处,"['三居(1)', '四居(1)']",19980元/m^2,170-198万元,400-176-0760 转 621265
江心印,建邺江苏省南京市建邺区江心洲街道梅子洲路与文泰街交汇处,[],46000元/m^2,619-900万元,400-176-0760 转 628275
龙湖天曜,浦口江北核心区建设路与北花园路交汇处,"['三居(1)', '四居(1)']",29833元/m^2,301-409万元,400-176-0760 转 623734
德盈龙华国际广场,浦口康华路与龙华路交汇处,"['一居(1)', '二居(1)', '三居(2)']",22000元/m^2,81-266万元,400-176-0760 转 718864
江畔都会上城,浦口天浦路与望江路交汇处,"['一居(1)', '三居(3)', '四居(1)']",待定元/m^2,,400-176-0760 转 653230
喜之郎丽湖湾,溧水开发区珍珠北路88号（珍珠北路和机场路交汇处）,"['二居(1)', '三居(12)', '四居(1)']",10340元/m^2,85-147万元,400-176-0760 转 830501
碧桂园华东科技新城,其他南京东汤山旁句容市S6轻轨黄梅站,['一居(1)'],7000元/m^2,,400-176-0760 转 833290
星叶·瑜憬尚府,栖霞东至逸文路（规划），南至熙湲路（规划）,['三居(5)'],37500元/m^2,330-465万元,400-176-0760 转 620429
星河时代,浦口江北新区新南路和江淼路交会处,"['三居(2)', '四居(1)']",32000元/m^2,400万元,400-176-0760 转 653348
紫辉时代广场,建邺江东中路与梦都大街交汇处北侧,"['一居(2)', '二居(3)', '三居(7)']",42500元/m^2,264-774万元,400-176-0760 转 889613
北京城建西华龙樾,浦口城樾路8号（浦口区市民中心东北侧200米）,"['二居(1)', '三居(7)', '四居(1)']",30499元/m^2,268-769万元,400-176-0760 转 715939
中南棉花塘,江宁空港枢纽经济区乾清路和越秀路交汇处,[],21000元/m^2,,400-176-0760 转 843239
世茂天誉洲际公馆,建邺江东中路与集庆门大街交界处,"['一居(1)', '二居(4)', '三居(5)']",40000元/m^2,,400-176-0760 转 615700
保利中心,秦淮卡子门大街与汇景北路交汇处,[],待定元/m^2,,400-176-0760 转 721479
中海龙湾U-LIVE,江宁秣陵街道日新路2号,['一居(2)'],26000元/m^2,,400-176-0760 转 736146
明发国际中心,浦口浦滨路203号,[],18000元/m^2,,400-176-0760 转 884389
金科观天下,其他仙林东宝华山国家森林公园南门以南300米,"['三居(3)', '四居(1)']",32000元/m^2,282-784万元,400-176-0760 转 807179
绿城桃花源,江宁麒麟大道6699号,"['四居(3)', '五居(2)', '五居以上(2)']",1800元/m^2,,400-176-0760 转 653582
钟山国际高尔夫,玄武环陵路7号,['四居(4)'],120000元/m^2,1314-10545万元,400-176-0760 转 657663
海伦堡玖悦名筑,其他镇江市句容市宝华镇宝龙大道,"['三居(2)', '四居(2)']",待定元/m^2,,400-176-0760 转 614468
恒大桃源天境,其他扬州市仪征市东园路与红旗路交汇处,['三居(1)'],8988元/m^2,103万元,400-176-0760 转 712580
紫东恒大文化旅游城,其他句容市宝华山路和容城大道交叉口,"['二居(4)', '三居(7)']",12000元/m^2,98-166万元,400-176-0760 转 707336
卓越景枫蔚蓝郡,溧水石燕路6号（机场路与石燕路交汇处）,"['二居(1)', '三居(2)', '四居(1)']",12500元/m^2,111-158万元,400-176-0760 转 653437
远洋万和四季,溧水经济开发区创业路99号,"['二居(1)', '三居(2)']",待定元/m^2,,400-176-0760 转 647351
海悦花园,浦口宁六路与新沿路交汇处,"['一居(1)', '二居(1)', '三居(5)']",27778元/m^2,78-692万元,400-176-0760 转 653370
中南上悦花苑,江宁上高路与万安北路交汇处,"['二居(4)', '三居(2)']",26300元/m^2,330万元,400-176-0760 转 653228
明发江湾新城,其他安徽省马鞍山市宁乌公路与盘乌线交汇处,"['二居(1)', '三居(2)', '四居(1)']",8000元/m^2,60-170万元,400-176-0760 转 826687
21世纪太阳城银座,江宁双龙大道1539号（双龙大道与天元路交汇处）,"['二居(6)', '三居(5)', '四居(5)']",29500元/m^2,179-708万元,400-176-0760 转 653220
锦绣樾江广场,浦口江北自贸区·研新路与园特路交汇处,[],待定元/m^2,,暂无售楼处电话
三松仁里,浦口高新区文景路与高新路交汇处（地铁3号线东大成贤学院4号口）,"['一居(1)', '二居(1)']",22000元/m^2,,400-176-0760 转 616287
中海雨花中心,雨花华新路S3号线贾西站2号口,['五居以上(1)'],16000元/m^2,,400-176-0760 转 729346
绿地紫金中心,鼓楼湖南路与中山北路交汇处（狮子桥正对面）,"['一居(1)', '二居(2)']",48000元/m^2,216-773万元,400-176-0760 转 607761
海玥万物,建邺恒山路100号,['四居(2)'],66839元/m^2,1604万元,400-176-0760 转 616188
棠玥府,溧水溧水中医院西侧（文昌路与石燕路交汇处）,"['三居(2)', '四居(2)']",15785元/m^2,140-256万元,400-176-0760 转 618804
龙池映,六合浦六路与龙城路交叉西北侧,['三居(4)'],待定元/m^2,,400-176-0760 转 743340
中建国熙公馆,浦口安浦路71号,"['二居(2)', '三居(2)', '四居(1)']",29500元/m^2,263-369万元,400-176-0760 转 883932
颐和四季府,栖霞经五路与徐家村街交汇处,"['三居(3)', '四居(2)']",271-654元/m^2,,400-176-0760 转 632243
和昌红山奥莱,玄武红山南路南京站北广场全季酒店正对面,[],待定元/m^2,,400-176-0760 转 628772
江山汇底商,鼓楼燕江路199号,[],待定元/m^2,,暂无售楼处电话
麒麟宝龙广场,江宁开城路与丹霞路交叉口,[],17000元/m^2,,400-176-0760 转 613312
金奥缤润汇平层,建邺楠溪江东街81-85号,"['一居(5)', '二居(2)']",31500元/m^2,31500万元,400-176-0760 转 653690
嘉宏峰,江宁宏运大道与农花路交汇处,"['三居(2)', '四居(1)']",46423元/m^2,432-636万元,400-176-0760 转 628982
和光锦棠府,浦口天浦路与迎江路交汇处,"['三居(1)', '四居(2)']",33488元/m^2,335-484万元,400-176-0760 转 653323
四季金辉观岚,其他句容市仙林东路19号（仙林大道与和平路交汇处）,"['二居(3)', '三居(2)', '四居(1)']",待定元/m^2,,400-176-0760 转 804062
中海·观江樾,浦口江北核心区·青奥体育公园旁·丰子河畔,"['三居(2)', '四居(2)']",34154元/m^2,376-482万元,400-176-0760 转 632485
南京紫合国际广场项目,秦淮太平南路278号(太平南路与小火瓦巷交汇处),[],待定元/m^2,,暂无售楼处电话
东方万汇城,浦口浦口大道8号,"['一居(5)', '二居(7)']",16500元/m^2,,400-176-0760 转 653366
蓝城陶然里,其他马鞍山市花山区江东大道与林里路交叉口,"['一居(1)', '二居(2)', '三居(2)']",10000元/m^2,,400-176-0760 转 713209
首建中心项目,秦淮太平南路与马府西街交汇处,[],待定元/m^2,,400-176-0760 转 704052
绿地云尚写字楼,雨花软件大道与玉兰路交汇处,['一居(3)'],待定元/m^2,,400-176-0760 转 838962
都荟天地城写字楼,江宁绿都大道和宏运大道交汇处,[],18000元/m^2,,400-176-0760 转 600033
金马智汇科技园,栖霞金马路6号,[],16000元/m^2,,400-176-0760 转 728488
南京越洋国际商务中心,鼓楼清江南路7号,[],22000元/m^2,,400-176-0760 转 629741
宝隆时代广场,浦口江浦街道新浦路6号,['三居(5)'],18000元/m^2,,400-176-0760 转 629607
景枫城市山谷,江宁东山街道双龙湖1号,[],待定元/m^2,,暂无售楼处电话
华洲青林湾,溧水天生桥大道218号,"['二居(5)', '五居(3)']",17-454元/m^2,,400-176-0760 转 668003
湾谷,雨花东至规划檀山路，南至规划吴山路,[],待定元/m^2,,400-176-0760 转 608806
雅居乐龙悦幸福小镇,其他高淳南宣城市宣州区狸桥镇011县道,[],待定元/m^2,,400-176-0760 转 720710
碧桂园翡丽庄园,其他安徽省滁州市南谯区乌衣镇洪武东路2888号,"['二居(1)', '三居(4)']",待定元/m^2,,400-176-0760 转 719959
红豆香江华府,江宁永欣大道与湖泰路交汇处,[],20527元/m^2,146-287万元,400-176-0760 转 645415
德信烟岚云庄,江宁江宁区谷研路88号,['四居(2)'],25864元/m^2,585-610万元,400-176-0760 转 736357
恒大湖山半岛,六合金牛湖新区S247与X301交汇处,['三居(18)'],6888元/m^2,72-100万元,400-176-0760 转 712593
鲁能硅谷公馆,江宁滨江新城锦文大道与弘利路交汇处,"['三居(3)', '四居(1)']",22000元/m^2,196-282万元,400-176-0760 转 613425
平澜府,高淳湖滨大道与励志路交叉口（湖滨广场北面）,"['三居(4)', '四居(6)']",12500元/m^2,123-313万元,400-176-0760 转 653344
南京华贸中心,鼓楼中央路331-4号,[],待定元/m^2,,暂无售楼处电话
金陵中环广场,秦淮中山南路香港置地城中东铁管巷地块,[],待定元/m^2,,暂无售楼处电话
南京中垠广场,栖霞马群地铁口南侧100米,['一居(2)'],40000元/m^2,,400-176-0760 转 613710
香港置地溧水G10地块,溧水东至薛李东路，南至幸庄路，西至石燕路，北至崇文路,[],待定元/m^2,,暂无售楼处电话
旭辉·宸悦赋,其他句容市城东行香路与长江路交汇处（维也纳花园东侧）,"['三居(2)', '四居(1)']",12500元/m^2,156-225万元,400-176-0760 转 615589
宝能·翡丽河滨,雨花东至规划道路，南至规划道路，西至规划道路，北至规划道路,"['三居(2)', '四居(1)']",26580元/m^2,247-351万元,400-176-0760 转 617289
佳兆业悦峰府,溧水琴音大道与中山东路交汇处往南约400米（秦淮源公园南）,"['三居(3)', '四居(3)']",15600元/m^2,148-218万元,400-176-0760 转 714657
高淳宝龙广场,高淳淳溪镇学山北路272号,['四居(1)'],11663元/m^2,167万元,400-176-0760 转 653733
郦湖美墅,六合马鞍街道弘湖路1号,"['五居(2)', '五居以上(2)']",14000元/m^2,267-307万元,400-176-0760 转 613169
华发美的·云筑,雨花南京市雨花区数字大道,"['三居(2)', '四居(1)']",44000元/m^2,440-616万元,400-176-0760 转 632668
天悦锦麟,浦口南京市浦口区浦滨路与河滨路交汇处（地铁11号线森林大道站）,"['三居(2)', '四居(1)']",32500元/m^2,300-500万元,400-176-0760 转 629094
蓝湖郡,江宁东至环亚路，南至腾飞路,"['三居(2)', '四居(1)']",19558元/m^2,150-211万元,400-176-0760 转 629261
汤山颐和府,江宁汤山上善路6号,"['三居(2)', '四居(2)']",22370元/m^2,199-284万元,400-176-0760 转 723100
苏雨生活广场,溧水交通东路汽车站旁苏雨生活广场,[],9500元/m^2,,400-176-0760 转 622981
通宇林景紫园,浦口顶山街道七里桥北路以西，胡桥三路以南,['三居(5)'],27496元/m^2,,400-176-0760 转 839839
仙林苏宁广场,栖霞仙林大道与学海路交汇处,[],待定元/m^2,,400-176-0760 转 645114
金九汇大厦,江宁东山街道湖山路 288 号,[],待定元/m^2,,400-176-0760 转 645536
高科·紫尧星院,栖霞东至致远路，南至尧和路，西至临安路，北至尧景路,"['三居(4)', '四居(2)']",30981元/m^2,301-437万元,400-176-0760 转 641609
栖澜府,栖霞东至规划知和路、南至规划支路,[],待定元/m^2,,400-176-0760 转 645561
雅居乐雅郡兰庭,江宁万安西路和上高路交汇处,"['二居(1)', '三居(2)']",26278元/m^2,160-240万元,400-176-0760 转 731903
高科紫星荣院,江宁紫东核心区四望路与福宁路交汇处,"['三居(3)', '四居(3)']",346-1173元/m^2,,400-176-0760 转 621916
云梦尚品,六合程桥街道桂花路与荷青路交汇处,[],12600元/m^2,158-180万元,400-176-0760 转 645304
望江悦府,浦口浦云路与康健路交汇处,"['二居(2)', '三居(2)', '四居(1)']",31000元/m^2,236-744万元,400-176-0760 转 653561
中天﹒东方骏庭,其他仙林大道与宝华大道交界处,"['二居(1)', '三居(2)', '四居(1)']",10500元/m^2,89-137万元,400-176-0760 转 837340
华侨城欢乐滨江,建邺龙王大街与扬子江大道交汇处,"['一居(3)', '二居(5)']",30000元/m^2,138-396万元,400-176-0760 转 842626
湖光晨樾,江宁端拱路与至道路交汇处，商业广场一楼北侧,"['三居(2)', '四居(5)']",22938元/m^2,20458万元,400-176-0760 转 864043
天阅公馆,建邺友谊街与元前路交汇处,"['一居(1)', '二居(1)']",27000元/m^2,,400-176-0760 转 623611
宝龙天地,鼓楼南京鼓楼区中央北路与东门前街交汇处,[],待定元/m^2,,暂无售楼处电话
星空间大厦,六合马鞍街道方州路118号,[],待定元/m^2,,400-176-0760 转 645504
青创ipark,江宁双龙大道与融智路交叉口,['二居(1)'],待定元/m^2,,400-176-0760 转 723254
中船阳光玖力城,江宁万泰路与天行路交汇处,['四居(1)'],13000元/m^2,,400-176-0760 转 723224
智汇老山项目,浦口华山路和新竹路交汇处（江浦街道沿山大道）,[],待定元/m^2,,暂无售楼处电话
天生御景,溧水洪蓝镇凤凰井路26号,"['二居(1)', '三居(5)', '四居(5)']",81-461元/m^2,,400-176-0760 转 695931
世纪天城,溧水经济开发区团山路1号,"['三居(1)', '五居(6)', '五居以上(6)']",174-845元/m^2,,400-176-0760 转 656314
蓝城·南京桃李春风,其他句容市东顶路（秦淮源）,"['一居(2)', '二居(1)', '三居(3)']",待定元/m^2,,400-176-0760 转 626019
富园·玖誉府,浦口广西埂大街以北、规划道路以西地块，东至规划道路，南至广西埂大街，西至规划道路，北至现状。,[],391-467元/m^2,,400-176-0760 转 644597
兴茂金陵北辰,其他滁州市来安县汊河镇大雅村水乡大道1号,"['一居(1)', '二居(4)', '三居(7)']",9000元/m^2,55-128万元,400-176-0760 转 713670
福晟庭院,溧水洪蓝镇金牛北路369号（无想山森林公园西麓）,['五居以上(1)'],12680元/m^2,47-340万元,400-176-0760 转 629669
紫悦府,其他句容市中兴路与赤岗路交叉口,"['三居(2)', '四居(2)']",8800元/m^2,82-117万元,400-176-0760 转 703997
石榴·紫金院子,其他滁州市汊河新城王桥路、繁盛路交汇处,[],9600元/m^2,,400-176-0760 转 609278
中骏四季阳光,其他句容经济开发区华阳西路与兴源路交汇处,['三居(3)'],10700元/m^2,105-129万元,400-176-0760 转 869416
仙林印象,其他宝华大道与射乌桥路交汇处,"['二居(2)', '三居(1)', '五居(2)']",14500元/m^2,104-197万元,400-176-0760 转 838732
麒麟·长三角企业总部基地,江宁南湾营大街和智汇路交汇处向东100米,[],待定元/m^2,,400-176-0760 转 624038
未来里花园,高淳经济开发区檀溪路36号,[],6500元/m^2,55-100万元,400-176-0760 转 645105
弘阳·尚上悦苑,浦口浦珠北路与华江路交汇处,['三居(3)'],29250元/m^2,257-295万元,400-176-0760 转 624063
中海观山樾,江宁高新区锦岸路以西、映红路以北地块，东至锦岸路，南至映红路，西至迭翠路，北至莺啼路。,"['三居(3)', '四居(1)']",29213元/m^2,246-364万元,400-176-0760 转 633414
南京仙林智谷,栖霞仙林元化路与纬地路交叉口,[],14100元/m^2,,400-176-0760 转 723883
南京常发广场,玄武红山路88号(红山路与红山南路交汇处),['一居(3)'],25000元/m^2,,400-176-0760 转 670203
锦隆花园·御山墅,其他句容市宝华山森林公园北门对面,"['三居(3)', '五居(2)']",17500元/m^2,430-630万元,400-176-0760 转 845081
盱眙恒大温泉度假小镇,十老路399号（盱城中心小学向北约300米）,"['二居(2)', '三居(7)']",6500元/m^2,,400-176-0760 转 632575
星叶枫庭,江宁麒麟街道泰盈路与宁杭公路交汇处,"['二居(3)', '三居(3)']",28000元/m^2,241-328万元,400-176-0760 转 653258
金地都会艺境,其他滁州市来安县汊河新区104国道与纬七路交汇处,"['二居(1)', '三居(4)']",10800元/m^2,70-103万元,400-176-0760 转 845992
恒大林溪郡,江宁江宁区信诚大道与龙川路交汇处,['三居(3)'],20636元/m^2,233-272万元,400-176-0760 转 653244
金轮星际中心,江宁西邻江南路、北至诚信街、东至金茂璐、南邻宏运大道,[],28000元/m^2,,400-176-0760 转 617260
金轮峰华,鼓楼小粉桥和二十八巷交汇处,"['一居(11)', '二居(11)']",50000元/m^2,260万元,400-176-0760 转 894134
远洋奇幻盒集,溧水经济开发区创业路99号,[],19000元/m^2,,400-176-0760 转 737796
花样年喜年中心,鼓楼中央门外河路道1号(东门前路与中央北路交汇处),"['一居(1)', '二居(1)']",22000元/m^2,,400-176-0760 转 626001
涵碧楼,建邺汉中门大街与扬子江大道交汇处,[],39000元/m^2,,400-176-0760 转 807169
碧桂园·北站华府,其他滁州汊河新区104国道旁,['二居(1)'],11000元/m^2,86万元,400-176-0760 转 859392
和昌仙林国际,其他句容市仙林大道2号,['三居(2)'],13000元/m^2,114-137万元,400-176-0760 转 844497
蓝天慧融花园,江宁永欣大道与湖泰路交汇处,[],19705元/m^2,,400-176-0760 转 623910
鼓北宝龙天地,鼓楼南京鼓楼区中央北路与东门前街交汇处,[],待定元/m^2,,400-176-0760 转 645328
升龙汇金中心,建邺江东南路与江山大街交汇处东南角,"['一居(1)', '二居(4)']",25000元/m^2,,400-176-0760 转 653653
新生圩宝龙广场,栖霞南京市栖霞区仙新路与恒发路交汇处,"['二居(1)', '三居(2)']",211-305元/m^2,,400-176-0760 转 629033
卓越蔚蓝时光苑,六合雄州街道学西路与园林西路交汇处,"['三居(3)', '四居(1)']",18693元/m^2,163-211万元,400-176-0760 转 621568
通宇林景尊园,浦口新浦路与康盛路交汇处,"['二居(2)', '三居(3)']",27300元/m^2,243-336万元,400-176-0760 转 839790
福基凤滨嘉园二期,六合凤滨路与杨新路交交汇处,"['三居(2)', '四居(1)']",17000元/m^2,155-226万元,400-176-0760 转 722132
中海城南公馆（商铺）,雨花东至规划道路，南至龙西路，西至东升裕园，北至现状,['一居(4)'],169元/m^2,,400-176-0760 转 626257
禹洲金陵朗廷,其他句容市郭庄镇临泉路1号,"['二居(1)', '三居(3)', '四居(2)']",6999元/m^2,52-84万元,400-176-0760 转 608691
泰达青筑,其他句容市宝华镇宝华大道66号（宝华大道与仙林东路交汇处),"['二居(1)', '三居(5)']",13000元/m^2,,400-176-0760 转 645116
碧桂园如山湖城,其他安徽省马鞍山市和县石杨镇如山湖西侧（宁乌和滁乌高速交汇处）,"['一居(2)', '三居(1)', '五居(2)']",100元/m^2,,400-176-0760 转 624934
颐和·铂岸江璟,浦口东至横江大道，南至康健路，西至康盛路，北至康安路,"['三居(1)', '四居(2)']",35318元/m^2,389-583万元,400-176-0760 转 627962
铭望府,六合东至山潘三路，西至山潘二路，南至山潘四路，北至通潘路,[],187-268元/m^2,,400-176-0760 转 645485
花样年花好园,浦口东大路和泰学路交汇处,['三居(3)'],28490元/m^2,254-330万元,400-176-0760 转 739176
c-town尚东铭座,秦淮南京市秦淮区光华路街道光华路28号,['二居(2)'],待定元/m^2,,400-176-0760 转 627238
绿地云都会,栖霞金马路与石狮路交汇处,['一居(7)'],22000元/m^2,,400-176-0760 转 877013
中国铁建·栖云府,江宁义庆路与飞天大道交叉口,['三居(3)'],159-182元/m^2,,400-176-0760 转 626342
中海燕矶听潮商铺,栖霞南京·燕子矶新城·经五路与徐家村路交汇处,['一居(2)'],192元/m^2,,400-176-0760 转 632413
智谷云筑,栖霞仙林元化路纬地路交叉口,['一居(2)'],16500元/m^2,16500万元,400-176-0760 转 622644
保利·江汇,浦口浦口大道6号长江隧道管理处对面,['四居(3)'],394-514元/m^2,,400-176-0760 转 653467
绿地无舍山南（康城）,溧水无想山东南角246省道与341省道交汇处,['二居(4)'],8300元/m^2,66-108万元,400-176-0760 转 632802
恒大云玺华庭,栖霞太龙路与邻安路交会处西侧200米,"['二居(2)', '三居(11)', '四居(2)']",30500元/m^2,241-458万元,400-176-0760 转 612973
海伦堡·璟和府,高淳石臼湖北路和宝塔路交汇处,"['三居(1)', '四居(1)']",11100元/m^2,122-139万元,400-176-0760 转 722866
龙湖水晶郦城,江宁江宁区滨江开发区锦文路21号,"['三居(2)', '四居(1)']",19000元/m^2,158-238万元,400-176-0760 转 725976
龙海骏景,六合冶浦路99号（八百河与峨眉路交界处）,"['二居(5)', '三居(4)']",15799元/m^2,132-235万元,400-176-0760 转 629163
德信云筑荟广场,栖霞仙林智谷元化路与纬地路交叉口,[],待定元/m^2,,400-176-0760 转 645524
融信城市之窗,江宁双龙大道与吉印大道交汇处,['二居(3)'],20000元/m^2,,400-176-0760 转 894108
君启园,栖霞南京仙林汇通路地铁站南,[],待定元/m^2,,400-176-0760 转 628632
中交锦度,浦口江浦街道长江五桥江北新区虎桥路与研新路交叉口,"['二居(1)', '三居(2)', '四居(2)']",28400元/m^2,250-350万元,400-176-0760 转 617423
仙林首望城,其他句容市宝华镇仙林东路3号,"['三居(4)', '四居(2)']",15000元/m^2,132-176万元,400-176-0760 转 844963
万宇汽车五金博览中心,江宁高新园G104国道旁,[],20000元/m^2,,400-176-0760 转 822039
华宸院,高淳淳溪街道宝塔路163号,"['三居(2)', '四居(2)']",15178元/m^2,149-250万元,400-176-0760 转 632200
芳原,江宁上秦淮湿地公园旁（凤仪路与汉候路交汇处）,"['三居(1)', '四居(4)']",36800元/m^2,640-830万元,400-176-0760 转 618932
北大资源颐和翡翠府,溧水中山东路秦淮源公园对面,['三居(1)'],15600元/m^2,200-421万元,400-176-0760 转 856797
复地明日之城,玄武玄武区红山新城北苑东路与红山南路交汇处北侧约200米,"['三居(1)', '四居(2)']",45355元/m^2,567-767万元,400-176-0760 转 623258
锦麟融誉府,栖霞北苑东路与熙湲路交汇处,['四居(2)'],55000元/m^2,528-1073万元,400-176-0760 转 653271
铭著风华,江宁江宁区高麟路9号,"['三居(2)', '四居(2)']",33000元/m^2,300-450万元,400-176-0760 转 644759
南京恒大养生谷,六合金牛湖风景区金牛湖地铁站东侧,"['二居(6)', '三居(41)', '四居(1)']",14107元/m^2,,400-176-0760 转 886461
海伦堡璟熙府,高淳北岭路46号,[],107-253元/m^2,,400-176-0760 转 625504
时代艺境·云悦艺境园,浦口江北新区双峰路与兰花路交界处,['三居(2)'],21000元/m^2,185-218万元,400-176-0760 转 630732
正荣润禾府,六合葛塘新城园西路与团结大道交叉口,"['二居(1)', '三居(2)']",20300元/m^2,154万元,400-176-0760 转 622836
蓝光雍锦逸境府,栖霞南京市栖霞区工农路158号,"['三居(2)', '四居(2)']",27000元/m^2,227-348万元,400-176-0760 转 722283
东亚共享大厦·青珑寓,江宁五常路8号,[],19900元/m^2,,400-176-0760 转 725813
中北三盛汝悦铭著,江宁宁芜大道与盛江路交叉处（往东100米）,"['三居(3)', '四居(1)']",19898元/m^2,177-237万元,400-176-0760 转 729639
电建地产·洺悦华府,雨花岱山东路与岱山北路交界处向东300米,['三居(2)'],30305元/m^2,,400-176-0760 转 897065
德信爱家玖栖和院,江宁江宁区谷研路88号,['三居(1)'],21358元/m^2,175万元,400-176-0760 转 653699
上坤·云栖风华璟园,栖霞欢乐大道与江南路交汇处西南方向200米处,"['三居(1)', '四居(1)']",26568元/m^2,236-310万元,400-176-0760 转 620739
荣盛花语馨城,栖霞龙潭新城金港南路与新戴路交汇处,"['二居(1)', '三居(3)']",17800元/m^2,134-158万元,400-176-0760 转 718048
正荣润棠府,浦口康安路与浦云路交汇处,"['二居(1)', '三居(1)', '四居(1)']",29477元/m^2,,400-176-0760 转 653222
江畔月明府,浦口行知路11号,"['三居(4)', '四居(1)']",待定元/m^2,,400-176-0760 转 653643
高淳孔雀城湖畔澜庭,高淳湖滨大道以西，濑渚路以南交叉口,"['二居(1)', '三居(3)', '四居(2)']",12500元/m^2,130万元,400-176-0760 转 653529
江宁孔雀城紫樾澜庭,江宁大学城南区瑞鑫路与友谊路交界处,['三居(7)'],16500元/m^2,144-173万元,400-176-0760 转 719692
正荣润岚府,栖霞汇通路与灵山南路交汇口（近汇通路地铁站3号口）,[],29500元/m^2,,400-176-0760 转 653338
正荣悦东府,栖霞金港南路与平港路交汇处,"['二居(1)', '三居(2)', '四居(2)']",20034元/m^2,158-236万元,400-176-0760 转 653376
南京中骏东原·璟阅,栖霞纬一路与鱼场路交叉口,"['二居(1)', '三居(5)', '四居(1)']",17000元/m^2,131-213万元,400-176-0760 转 898372
深业青麓上居,江宁天佑路和天环路交汇处,"['三居(3)', '四居(1)']",26278元/m^2,234-310万元,400-176-0760 转 653553
扬子江金茂悦·领寓A5,浦口七里河大街与横江大道交汇处,"['一居(5)', '二居(1)', '三居(1)']",19000元/m^2,,400-176-0760 转 653291
碧桂园·柏悦华府一期商铺,其他镇江市句容市崇明东路与高骊山路交汇处,[],9000元/m^2,,400-176-0760 转 624465
银城·孔雀城·依澜郡,其他安徽省马鞍市和县银城依澜郡营销中心,['三居(3)'],6500元/m^2,6900万元,400-176-0760 转 801142
林泉高致,浦口汤泉街道银泉西路以南、惠济南路以东地块，东至吉林路，南至香泉路，西至惠济南路，北至银泉西路。,[],待定元/m^2,,暂无售楼处电话
通宇尊悦府,浦口浦乌路以东、定向河路以南（NJJBd010-06-07）地块，东至现状，南至规划道路，西至浦乌路，北至定向河。,[],34995元/m^2,434-531万元,400-176-0760 转 652622
电建地产海赋尚城,栖霞燕子矶街道经五路与神农路交汇处,"['二居(1)', '三居(6)', '四居(4)']",22000元/m^2,79-312万元,400-176-0760 转 653478
三鑫·鑫智汇,浦口浦洲路35号,['二居(2)'],12000元/m^2,,400-176-0760 转 854002
香山壹境,其他镇江汤龙路河滨公园东侧（仙林东路以南约800米）,[],9000元/m^2,227万元,"025-85818990,85818969"
扬子保利·江韵瑧悦,浦口东至规划路；南至广西梗大街；西至胜利路；北至规划路。,[],30500元/m^2,373-796万元,400-176-0760 转 652859
保利荷雨臻悦,雨花中国（南京）软件谷·数字大道与荷月路交汇处,['三居(3)'],37000元/m^2,329-474万元,400-176-0760 转 648077
东山金茂晓棠,江宁万安北路龙昌路交汇处,['三居(2)'],25000元/m^2,223-275万元,400-176-0760 转 653735
中天金宁风华,江宁江宁区东山街道沿河路以北、规划一路以东地块,[],34119元/m^2,305-542万元,400-176-0760 转 653739
中建·源上九里,江宁利源路与董村路交汇处西北角,"['三居(1)', '四居(2)']",42206元/m^2,425-560万元,400-176-0760 转 648891
观潮望云,建邺高庙路与保双街交汇处,[],42000元/m^2,470-640万元,400-176-0760 转 649278
中建翰林雅境,浦口浦口区江浦街道卓溪路以南、山林路以东地块，东至现状，南至现状，西至山林路，北至卓溪路。,[],30514元/m^2,275-718万元,400-176-0760 转 645200
能建·博悦府,鼓楼鼓楼区幕府山街道幕府东路以南、五佰村路以西地块，东至五佰村路；南至现状；西至现状；北至幕府东路。,[],37000元/m^2,306-430万元,400-176-0760 转 652910
泷悦雅颂,栖霞东至现状，南至现状，西至白象路，北至广志路,[],36032元/m^2,269-437万元,400-176-0760 转 645138
NO.2024G51,鼓楼鼓楼区下关街道方家营路以南、方兴路以东地块,[],待定元/m^2,,暂无售楼处电话
璟宁府,浦口浦口区江浦街道文德东路以南、同心路以东地块,[],26000元/m^2,310-498万元,400-176-0760 转 653288
雁江澜,鼓楼南京市鼓楼区金燕路66号,[],28900元/m^2,,暂无售楼处电话
仁恒龙湾,"江宁江宁区东山街道潭园西路以南、小龙湾路以东地块,东至现状；南至泊淮路；西至小龙湾路；北至潭园西路。",[],待定元/m^2,,400-176-0760 转 652147
NO.2023G52,鼓楼鼓楼区幕府山街道中央北路以东、五佰村路以西地块,[],待定元/m^2,,暂无售楼处电话
通宇·润悦府,浦口兴隆路6号,[],39836元/m^2,418-570万元,暂无售楼处电话
枫璟雅园,建邺双闸街道螺塘路以北、新亭街以西（28-3）地块，东至新亭街，南至河道，西至庙中街，北至高庙路。,[],54000元/m^2,600-690万元,400-176-0760 转 645271
金源·学府天宸,高淳南京市高淳区淳溪街道茅山路（南师附中旁）,[],7500元/m^2,103-1104万元,400-176-0760 转 633929
绿洲·云湖十里院,江宁 空港新城星汉路9号,[],16000元/m^2,150-222万元,400-176-0760 转 649601
中国铁建·凤鸣朝阳,溧水溧水经济开发区润淮大道以南、蟾山路以东地块，东至经二路，南至交山路，西至蟾山路，北至润淮大道。,"['三居(3)', '四居(2)']",11000元/m^2,90-156万元,400-176-0760 转 645394
颐和·芳庭,栖霞马高路和芝嘉东路交汇处,[],18009元/m^2,,暂无售楼处电话
NO.2023G88,建邺建邺区兴隆街道应天大街以北、经一路以东地块,[],待定元/m^2,,暂无售楼处电话
中北金基山和月,玄武苏宁大道（地铁四号线徐庄软件园站1号口）,[],待定元/m^2,,暂无售楼处电话
中垠·瑧悦府,"浦口浦口区江浦街道科新路以北、团结路以东地块,东至科新路，南至团结路，西至新南路，北至现状。",[],30000元/m^2,260-297万元,400-176-0760 转 650211
锦尚紫兰,江宁金鑫东路,[],23000元/m^2,231-263万元,400-176-0760 转 649745
星叶云墅,建邺青莲街星叶云墅,[],55000元/m^2,,暂无售楼处电话
NO.2024G15,建邺建邺区莫愁湖街道水西门大街以南、南湖路以西地块,[],待定元/m^2,,暂无售楼处电话
NO.2024G02,玄武玄武区玄武湖街道苏宁大道以南、规划支路以西地块,[],待定元/m^2,,暂无售楼处电话
水沐和瑞园,"建邺江心洲街道思泽路以西、文武路以北地块,东至思泽路，南至文武街，西至亚鹏路，北至发展北路。","['四居(3)', '五居(1)']",44411元/m^2,631-1266万元,400-176-0760 转 645404
中堃G10地块,秦淮秦淮区夫子庙街道马道街以南、小心桥东街以西地块,[],待定元/m^2,,暂无售楼处电话
月牙湖壹号公馆,秦淮秦淮区月牙湖街道光华路与冶修一路交汇处,[],46575元/m^2,,400-176-0760 转 652244
NO.2024G12,雨花雨花台区赛虹桥街道软件大道以南、机场二通道以东地块,[],待定元/m^2,,暂无售楼处电话
九胤,浦口东至迎江路；西至规划道路；南至规划道路；北至兴隆路。,[],待定元/m^2,,暂无售楼处电话
NO.2024G34,江宁江宁区东山街道万安北路以东、天靖路以北地块,[],25000元/m^2,,暂无售楼处电话
 麒麟科创园G98,江宁江宁区麒麟科创园苏盛路以南、苏兴路以东地块,[],待定元/m^2,,暂无售楼处电话
NO.2023G77,秦淮秦淮区南部新城汇景北路以南、祥天路以西地块,[],待定元/m^2,,暂无售楼处电话
NO.新区2024G05,浦口江北新区横江大道以东、七里河大街以南（NJJBd010-21-06）地块,[],待定元/m^2,,暂无售楼处电话
金陵玖园颐养中心,玄武南京玄武玄武门中央路220号,[],待定元/m^2,,暂无售楼处电话
NO.2023G29,江宁江宁区青龙片区麟岗大道以南、东流路以西地块，东至东流路；南至福宁路；西至一帆路；北至麟岗大道。,[],待定元/m^2,,暂无售楼处电话
NO.新区2024G07,浦口江北新区横江大道以东、石佛大街以南（NJJBd010-22-08）地块,[],待定元/m^2,,暂无售楼处电话
龙江原著,鼓楼南京市鼓楼区草场门大街99号新城市广场F1,[],待定元/m^2,,暂无售楼处电话
翠语云庐,溧水溧水经济开发区秀山中路以南、珍珠北路以西，东至珍珠北路，南至现状，西至路华路，北至金井路。,[],13000元/m^2,230-470万元,400-176-0760 转 652893
NO.新区2024G06,浦口江北新区规划道路以东、群英河以南（NJJBb020-15-05）地块,[],待定元/m^2,,暂无售楼处电话
NO.高淳2024G11,高淳高淳区花园大道以南、双湖路以东（南师附中高淳学校北侧西组团一）地块,[],待定元/m^2,,暂无售楼处电话
NO.新区2024G10,浦口江北新区九袱洲路以东、商务西街以南(NJJBd010-18-12）地块,[],待定元/m^2,,暂无售楼处电话
NO.2024G18,栖霞栖霞区燕子矶街道兴智中心西片区恒发路以北、兴学路以东地块,[],待定元/m^2,,暂无售楼处电话
NO.2024G19,栖霞栖霞区西岗街道华佗路以东、白雪路以北地块,[],待定元/m^2,,暂无售楼处电话
中铁云禄湾,江宁禄口街道云禄湾,[],15000元/m^2,366万元,暂无售楼处电话
龙湖亚伦央璟颂 ,浦口江浦街道文德东路以南、同心路以东,[],待定元/m^2,,暂无售楼处电话
NO.2023G18,浦口浦口区江浦街道公园北路以南、河滨路以东地块，东至现状，南至文德东路，西至同心路，北至公园北路。,[],待定元/m^2,,暂无售楼处电话
NO.2024G20,栖霞栖霞区尧化街道新尧片区尧佳路南侧、新城南路东侧地块,[],待定元/m^2,,暂无售楼处电话
大树和玥,江宁汤山街道广进路1号,[],待定元/m^2,,400-176-0760 转 645589
中铁龙湖宸阅荟,雨花南京市雨花台区数字大道519号,[],待定元/m^2,,400-176-0760 转 652391
绿城同创陶然里,江宁智慧路211号,[],20688元/m^2,150-400万元,暂无售楼处电话
明发星光时代,浦口浦珠南路明发星光时代,[],待定元/m^2,,暂无售楼处电话
NO.高淳2024G10,高淳高淳区茅山路以北、檀溪路以东（职中南侧组团西）地块,[],待定元/m^2,,暂无售楼处电话
NO.高淳2024G07,高淳高淳区淳溪街道蓝溪路以北、北漪路以西,[],待定元/m^2,,暂无售楼处电话
NO.高淳2024G13,高淳高淳区开发区松园北路以北，双湖路以东（南师附中北侧西组团三）地块,[],待定元/m^2,,暂无售楼处电话
江北新区浦镇大街以南、浦滨路以西,浦口江北新区浦镇大街以南、浦滨路以西（NJJBd010-11-14）地块，东至浦滨路，北至定向河。,[],待定元/m^2,,暂无售楼处电话
东皋十里大厦,溧水永阳街道林桥路59号,[],待定元/m^2,,400-176-0760 转 646841
御公馆,秦淮大明路与卡子门大街交汇处,[],待定元/m^2,,400-176-0760 转 645405
景鸿峰境,溧水琴音大道,[],待定元/m^2,,400-176-0760 转 647716
NO.新区2023G04,浦口江北新区广西埂大街以北、万寿路以西（NJJBd010-14-19）地块,[],待定元/m^2,,暂无售楼处电话
NO.高淳2024G12,高淳高淳区龙井路以北，双湖路以东（南师附中高淳学校北侧西组团二）地块,[],待定元/m^2,,暂无售楼处电话
NO.新区2024G08,浦口江北新区九袱洲路以东、商务西街以南（NJJBd010-18-08）地块,[],待定元/m^2,,暂无售楼处电话
通宇瑞悦府,"浦口珍珠河以东、广西埂大街以北（NJJBd010-06-18）,东至规划道路，南至规划道路，西至珍珠河，北至广西埂大街",[],待定元/m^2,,暂无售楼处电话
NO.新区2022G14,浦口江北新区广西埂大街以北、浦镇大街以南（NJJBd010-14-25）地块，东至横江大道，南至广西埂大街,[],待定元/m^2,,暂无售楼处电话
麦多苑,雨花南京市雨花台区赛虹桥街道小行路,[],待定元/m^2,,400-176-0760 转 644974
菁英公馆,浦口胜利路与石佛大道交汇处,[],待定元/m^2,,暂无售楼处电话
NO.高淳2024G09,高淳高淳区古柏街道宁高新通道以西、潜心西路以北、文枢路以南,[],待定元/m^2,,暂无售楼处电话
NO.新区2024G09,浦口江北新区九袱洲路以东、商务西街以南（NJJBd010-18-10）地块,[],待定元/m^2,,暂无售楼处电话
江宁区空港新城朝阳路以东、义庆路以南地块,江宁江宁区空港新城朝阳路以东、义庆路以南地块，东至现状；南至现状；西至朝阳路；北至义庆路。,[],待定元/m^2,,暂无售楼处电话
滨江大道以西、七里河大街以南2022G13,浦口江北新区滨江大道以西、七里河大街以南（NJJBd010-21-06）地块，东至胜利路,[],待定元/m^2,,暂无售楼处电话
熹屿花园,江宁麒麟街道,[],待定元/m^2,,400-176-0760 转 645396
润淮里,秦淮大明路与应天东街交叉口,[],待定元/m^2,,暂无售楼处电话
南京信泰创新中心,江宁麒麟科技园智汇路109号,[],待定元/m^2,,400-176-0760 转 649094
NO.2023G62,江宁江宁区未来科技城融智路以北、苏源大道以西地块,[],待定元/m^2,,暂无售楼处电话
丽水大道以东、纬三路以北,江宁丽水大道以东、纬三路以北地块，东至经一路，南至纬三路，西至丽水大街，北至纬二路,[],待定元/m^2,,暂无售楼处电话
淳化街道工业园三号路以西、虎啸路以南,江宁淳化街道工业园三号路以西、虎啸路以南地块，东至工业园三号路，南至规划道路，北至虎啸路,[],待定元/m^2,,暂无售楼处电话
麒麟片区经三路以东、纬七路以南地块(汇11),江宁江宁区麒麟片区经三路以东、纬七路以南地块（汇11），东至东麒路；南至纬八路；西至经三路；北至纬七路。,[],待定元/m^2,,暂无售楼处电话
广西埂大街以北浦滨路以西(NJJBd010-11-01),浦口广西埂大街以北、浦滨路以西（NJJBd010-11-01）地块，东至规划道路，南至广西埂大街，西至迎江路,[],待定元/m^2,,暂无售楼处电话
广西埂大街以北、浦滨路以西,浦口广西埂大街以北、浦滨路以西（NJJBd010-11-07）地块，东至康业路，南至康行路，西至康环路,[],待定元/m^2,,暂无售楼处电话
慧湾谷商业广场,浦口江北新区城南河路93号,[],待定元/m^2,,400-176-0760 转 645568
万晟湖山印,六合南京六合金牛湖.茉莉花园度假村西侧,[],待定元/m^2,,暂无售楼处电话
NO.2021G13地块,,[],待定元/m^2,,暂无售楼处电话
NO.2021G22地块,,[],待定元/m^2,,暂无售楼处电话
NO.2021G12地块,,[],待定元/m^2,,暂无售楼处电话
NO.2021G17地块,,[],待定元/m^2,,暂无售楼处电话
NO.2021G11地块,,[],待定元/m^2,,暂无售楼处电话
NO.2021G19地块,,[],待定元/m^2,,暂无售楼处电话
NO.2021G18地块,,[],待定元/m^2,,暂无售楼处电话
NO.2021G08地块,,[],待定元/m^2,,暂无售楼处电话
NO.新区2021G13地块,,[],待定元/m^2,,暂无售楼处电话
NO.2021G07地块,,[],待定元/m^2,,暂无售楼处电话
NO.溧水2021G04地块,,[],待定元/m^2,,暂无售楼处电话
NO.溧水2021G01地块,,[],待定元/m^2,,暂无售楼处电话
NO.2021G21地块,,[],待定元/m^2,,暂无售楼处电话
NO.2021G10地块,,[],待定元/m^2,,暂无售楼处电话
NO.2021G14地块,,[],待定元/m^2,,暂无售楼处电话
NO.2021G23地块,,[],待定元/m^2,,暂无售楼处电话
NO.2021G09地块,,[],待定元/m^2,,暂无售楼处电话
NO.2021G15地块,,[],待定元/m^2,,暂无售楼处电话
NO.2021G20地块,,[],待定元/m^2,,暂无售楼处电话
NO.溧水2021G06地块,,[],待定元/m^2,,暂无售楼处电话
NO.溧水2021G07地块,,[],待定元/m^2,,暂无售楼处电话
NO.高淳2021G04地块,,[],待定元/m^2,,暂无售楼处电话
NO.2021G38地块,,[],待定元/m^2,,暂无售楼处电话
NO.高淳2021G05地块,,[],待定元/m^2,,暂无售楼处电话
NO.2021G59地块,,[],待定元/m^2,,暂无售楼处电话
NO.新区2021G04地块,,[],待定元/m^2,,暂无售楼处电话
NO.2021G37地块,,[],待定元/m^2,,暂无售楼处电话
NO.2021G46地块,,[],待定元/m^2,,暂无售楼处电话
NO.2021G51地块,,[],待定元/m^2,,暂无售楼处电话
NO.2021G47地块,,[],待定元/m^2,,暂无售楼处电话
NO.2021G58地块,,[],待定元/m^2,,暂无售楼处电话
NO.溧水2021G11地块,,[],待定元/m^2,,暂无售楼处电话
NO.新区2021G09地块,,[],待定元/m^2,,暂无售楼处电话
香港置地NO.溧水G10地块,,[],待定元/m^2,,400-176-0760 转 630836
NO.2011G80地块,,[],待定元/m^2,,暂无售楼处电话
NO.2020G30地块,,[],待定元/m^2,,暂无售楼处电话
NO.溧水2021G12地块,,[],待定元/m^2,,暂无售楼处电话
NO.2019G106地块,,[],待定元/m^2,,暂无售楼处电话
NO.2007G111地块,,[],待定元/m^2,,暂无售楼处电话
NO.2005G07地块,,[],待定元/m^2,,暂无售楼处电话
NO.溧水2021G14地块,,[],待定元/m^2,,暂无售楼处电话
NO.溧水2021G13地块,,[],待定元/m^2,,暂无售楼处电话
NO.2024G78,,[],待定元/m^2,,暂无售楼处电话
金基珑樾府,,[],待定元/m^2,,暂无售楼处电话
NO.2024G79,,[],待定元/m^2,,暂无售楼处电话
NO.2024G77,,[],待定元/m^2,,暂无售楼处电话
NO.新区2024G13,,[],待定元/m^2,,暂无售楼处电话
NO.2024G39,,[],待定元/m^2,,暂无售楼处电话
NO.2024G33,,[],待定元/m^2,,暂无售楼处电话
NO.2024G32,,[],待定元/m^2,,暂无售楼处电话
NO.2023G78,,[],待定元/m^2,,暂无售楼处电话
NO.2023G79,,[],待定元/m^2,,暂无售楼处电话
NO.新区2024G24,,[],待定元/m^2,,暂无售楼处电话
NO.2024G65,,[],待定元/m^2,,暂无售楼处电话
NO.2023G90,,[],待定元/m^2,,暂无售楼处电话
NO.2023G13,,[],待定元/m^2,,暂无售楼处电话
NO.2024G22,,[],待定元/m^2,,暂无售楼处电话
NO.新区2024G23,,[],待定元/m^2,,暂无售楼处电话
NO.2024G74,,[],待定元/m^2,,暂无售楼处电话
NO.新区2024G30,,[],待定元/m^2,,暂无售楼处电话
NO.2021G96地块,,[],待定元/m^2,,暂无售楼处电话
NO.2023G16,,[],待定元/m^2,,暂无售楼处电话
NO.2023G15,,[],待定元/m^2,,暂无售楼处电话
NO.2023G48,,[],待定元/m^2,,暂无售楼处电话
NO.新区2024G02,,[],待定元/m^2,,暂无售楼处电话
NO.2024G38,,[],待定元/m^2,,暂无售楼处电话
NO.2024G55,,[],待定元/m^2,,暂无售楼处电话
NO.新区2024G21,,[],待定元/m^2,,暂无售楼处电话
南部新城校场大道以北、神机营路以西地块,,[],待定元/m^2,,暂无售楼处电话
NO.新区2023G08,,[],待定元/m^2,,暂无售楼处电话
NO.新区2023G17,,[],待定元/m^2,,暂无售楼处电话
NO.新区2024G03,,[],待定元/m^2,,暂无售楼处电话
NO.2024G42,,[],待定元/m^2,,暂无售楼处电话
NO.2024G60,,[],待定元/m^2,,暂无售楼处电话
NO.2024G58,,[],待定元/m^2,,暂无售楼处电话
NO.2024G88,,[],待定元/m^2,,暂无售楼处电话
NO.2021G92地块,,[],待定元/m^2,,暂无售楼处电话
东山街道竹山路以西、新亭路以北地块,,[],待定元/m^2,,暂无售楼处电话
NO.新区2023G06,,[],待定元/m^2,,暂无售楼处电话
NO.新区2023G19,,[],待定元/m^2,,暂无售楼处电话
NO.2023G09,,[],待定元/m^2,,暂无售楼处电话
NO.2023G34,,[],待定元/m^2,,暂无售楼处电话
NO.2023G43,,[],待定元/m^2,,暂无售楼处电话
NO.新区2023G13,,[],待定元/m^2,,暂无售楼处电话
NO.2023G59,,[],待定元/m^2,,暂无售楼处电话
NO.2023G56,,[],待定元/m^2,,暂无售楼处电话
NO.2023G87,,[],待定元/m^2,,暂无售楼处电话
NO.新区2024G01,,[],待定元/m^2,,暂无售楼处电话
NO.2024G23,,[],待定元/m^2,,暂无售楼处电话
NO.2024G59,,[],待定元/m^2,,暂无售楼处电话
NO.2024G76,,[],待定元/m^2,,暂无售楼处电话
NO.2021G77地块,,[],待定元/m^2,,暂无售楼处电话
江宁区东山街道文靖路以南、湖山路以西地块,,[],待定元/m^2,,暂无售楼处电话
NO.新区2023G14,,[],待定元/m^2,,暂无售楼处电话
NO.2024G05,,[],待定元/m^2,,暂无售楼处电话
NO.溧水2024G04,,[],待定元/m^2,,暂无售楼处电话
NO.2021G68地块,,[],待定元/m^2,,暂无售楼处电话
NO.2023G68,,[],待定元/m^2,,暂无售楼处电话
NO.2023G08,,[],待定元/m^2,,暂无售楼处电话
NO.2023G03,,[],待定元/m^2,,暂无售楼处电话
NO.2023G02,,[],待定元/m^2,,暂无售楼处电话
NO.新区2023G21,,[],待定元/m^2,,暂无售楼处电话
NO.新区2023G22,,[],待定元/m^2,,暂无售楼处电话
NO.高淳2024G06,,[],待定元/m^2,,暂无售楼处电话
NO.溧水2024G12,,[],待定元/m^2,,暂无售楼处电话
NO.2024G46,,[],待定元/m^2,,暂无售楼处电话
NO.新区2024G26,,[],待定元/m^2,,暂无售楼处电话
NO.2024G75,,[],待定元/m^2,,暂无售楼处电话
NO.新区2024G25,,[],待定元/m^2,,暂无售楼处电话
NO.新区2024G27,,[],待定元/m^2,,暂无售楼处电话
NO.2024G86,,[],待定元/m^2,,暂无售楼处电话
